tenure_group,no,yes
Champion,0.9339019189765458,0.06609808102345416
Loyal,0.8327250608272506,0.16727493917274938
New,0.5256175663311985,0.47438243366880145
Regular,0.743078626799557,0.25692137320044295
